,16~23,24~31,32~48,49~99
Divided_Trousers_Jade HW Skinny Denim TRS_Black,14611,19271,8833,8986
Divided_Trousers_Jade HW Skinny Denim TRS_Dark Blue,11535,17381,9556,8711
Divided_Trousers_Jade HW Skinny Denim TRS_Light Blue,12971,15083,8804,8732
Divided_Vest top_Tilda tank_Black,10747,8441,3450,3583
Ladieswear_Socks_Scallop 5p Socks_Black,2851,10976,9937,9342
Ladieswear_Swimwear bottom_Timeless Midrise Brief_Black,8998,15493,12468,7982
Ladieswear_T-shirt_Tilly (1)_Black,5881,14426,10637,9189
Ladieswear_Trousers_Luna skinny RW_Black,6945,17106,13757,12631
Ladieswear_Trousers_Luna skinny RW_Blue,6192,13869,13099,10778
Ladieswear_Trousers_Pluto RW slacks (1)_Black,5956,11034,7629,14131
Ladieswear_Trousers_Primo slacks_Black,3099,7140,6159,10287
Sport_Leggings/Tights_SUPREME RW tights_Black,9986,17408,10699,8285
